<?xml version=»1.0″ encoding=»uft-8″?>
<tarjeta_credito>
<datos_sistema>
<nombre>sistema_tarjetas</nombre>
<localizacion>1.0.0.0</localizacion>
</datos_sistema>
<datos_tarjeta>
<codido_producto>C0011-1</codido_producto>
<nombre_tarjeta>Tarjeta 0001</nombre_tarjeta>
<numero_tarjeta>1212-3133-31313-13131-1212</numero_tarjeta>
<tipo_tarjeta>VISA CREDITO</tipo_tarjeta>
<vencimiento_tarjeta>10/20</vencimiento_tarjeta>
<codigo_seguridad>333</codigo_seguridad>
<id_cliente>333</id_cliente>
</datos_tarjeta>
</tarjeta_credito>